avatar,name,age,active,homepage,email,gender,birthdate,status
https://picsum.photos/400/200?lock=0,Gary Cross,76,FALSE,http://www.rivera.com/,tamaramorrison@hotmail.com,,1947-02-05,0.04
https://picsum.photos/400/200?lock=1,Denise Thornton,33,FALSE,http://hill.com/,woodtina@gmail.com,,1990-05-10,0.92
https://picsum.photos/400/200?lock=2,Christina Saunders,97,FALSE,http://green.info/,rogersbrandon@yahoo.com,,1926-04-19,0.36
https://picsum.photos/400/200?lock=3,Kathleen Collins,77,TRUE,https://www.rose-freeman.net/,davidbanks@yahoo.com,female,1946-01-20,0.28
https://picsum.photos/400/200?lock=4,Timothy Parker,6,TRUE,https://thompson.com/,samanthasims@yahoo.com,other,2017-08-29,0.99
https://picsum.photos/400/200?lock=5,Dr. Loretta Garcia DDS,69,TRUE,https://www.short.com/,amyvelazquez@gmail.com,other,1954-04-02,0.1
https://picsum.photos/400/200?lock=6,John Gibbs,28,TRUE,http://www.simmons.org/,dpatrick@gmail.com,other,1995-03-09,0.47
https://picsum.photos/400/200?lock=7,Julie Chen,49,TRUE,https://www.logan-waters.com/,huberrachel@gmail.com,other,1974-02-11,0.43
https://picsum.photos/400/200?lock=8,Ashley Cooper,25,TRUE,https://gomez.com/,karicarter@yahoo.com,,1998-03-17,0.44
https://picsum.photos/400/200?lock=9,Christina Smith,79,FALSE,https://www.hogan.com/,bramirez@gmail.com,male,1944-09-14,0.81
https://picsum.photos/400/200?lock=10,Leslie Taylor,24,TRUE,http://stephens.com/,mcdanielchristopher@hotmail.com,male,1998-12-31,0.72
https://picsum.photos/400/200?lock=11,Amanda Schultz,20,FALSE,http://www.bailey-lucero.biz/,fcarpenter@yahoo.com,male,2003-10-11,0.61
https://picsum.photos/400/200?lock=12,Kristen Smith,32,FALSE,https://www.williams.net/,nhenson@yahoo.com,female,1991-05-06,0.73
https://picsum.photos/400/200?lock=13,Mitchell Payne,38,TRUE,http://www.mendez.com/,taylorjamie@yahoo.com,female,1985-06-15,0.92
https://picsum.photos/400/200?lock=14,Katherine Brown,43,TRUE,https://www.taylor-morales.com/,areyes@yahoo.com,female,1980-08-01,0.8
https://picsum.photos/400/200?lock=15,Jessica Hancock,62,TRUE,https://www.wright.com/,zmorgan@yahoo.com,,1961-05-18,0.09
https://picsum.photos/400/200?lock=16,Gloria Smith,77,FALSE,https://www.knight.com/,rfischer@yahoo.com,,1946-09-24,0.11
https://picsum.photos/400/200?lock=17,Miguel Shields,12,FALSE,https://simon.org/,vasquezkathryn@gmail.com,male,2011-09-14,0.55
https://picsum.photos/400/200?lock=18,Kyle Powell,13,TRUE,https://www.long-martinez.com/,kimberly87@gmail.com,other,2010-12-06,0.44
https://picsum.photos/400/200?lock=19,William Hensley,31,FALSE,http://www.lawson-hudson.com/,wbrown@hotmail.com,other,1992-05-07,0.58
https://picsum.photos/400/200?lock=20,Brett Donaldson,77,FALSE,http://johnson-black.com/,pwilliams@hotmail.com,female,1946-04-09,0.19
https://picsum.photos/400/200?lock=21,Thomas Cook,65,TRUE,http://www.nunez.com/,houstonwhitney@hotmail.com,male,1958-07-20,0.61
https://picsum.photos/400/200?lock=22,Tina Thompson,19,FALSE,https://fuller.net/,pford@hotmail.com,,2004-03-04,0.07
https://picsum.photos/400/200?lock=23,Lauren Walters,40,TRUE,https://gilmore.com/,elizabeth32@hotmail.com,female,1983-01-09,0.92
https://picsum.photos/400/200?lock=24,Troy Hawkins,115,TRUE,http://castillo.com/,nancy51@hotmail.com,,1908-08-24,0.84
https://picsum.photos/400/200?lock=25,William Bray,112,FALSE,https://douglas.com/,danielrobles@yahoo.com,female,1911-10-17,0.85
https://picsum.photos/400/200?lock=26,Melissa Wells,60,FALSE,http://aguilar.com/,griffinpamela@hotmail.com,other,1963-01-18,0.45
https://picsum.photos/400/200?lock=27,Amy Sanchez,0,FALSE,http://www.williams-vaughan.com/,qmyers@yahoo.com,male,2023-02-01,0.32
https://picsum.photos/400/200?lock=28,Joshua Jones,110,TRUE,https://clark.com/,jeremy94@gmail.com,,1913-12-08,0.59
https://picsum.photos/400/200?lock=29,Zachary Garcia,61,FALSE,https://www.odonnell.com/,wendysteele@gmail.com,female,1962-04-04,0.24
https://picsum.photos/400/200?lock=30,Kim Ortiz,85,FALSE,http://hunt.info/,hartmanrobert@hotmail.com,male,1938-08-18,0.71
https://picsum.photos/400/200?lock=31,Kristin Ibarra,3,FALSE,http://www.campbell-powell.info/,martinezchristopher@gmail.com,female,2020-03-26,0.33
https://picsum.photos/400/200?lock=32,Eric Taylor,74,TRUE,https://gallegos-evans.com/,qstark@yahoo.com,male,1949-01-01,0.78
https://picsum.photos/400/200?lock=33,Daniel Mccall,29,TRUE,https://www.morrow-rodgers.com/,waynebarnes@yahoo.com,male,1994-02-02,0.82
https://picsum.photos/400/200?lock=34,Brian Kelly,109,TRUE,http://www.stuart.biz/,vschneider@gmail.com,male,1914-07-30,0.12
https://picsum.photos/400/200?lock=35,Abigail Hoover,28,TRUE,http://barton.com/,ostone@gmail.com,male,1995-08-20,0.39
https://picsum.photos/400/200?lock=36,Ashley Williams,54,FALSE,http://peterson-hunt.com/,blewis@hotmail.com,male,1969-10-08,0.04
https://picsum.photos/400/200?lock=37,Edward Hill,70,TRUE,https://www.morgan.com/,hbrown@gmail.com,female,1953-06-29,0.96
https://picsum.photos/400/200?lock=38,Chad Bridges,98,TRUE,http://moore-white.com/,joylowe@yahoo.com,male,1925-04-02,0.48
https://picsum.photos/400/200?lock=39,Dalton Fritz,33,TRUE,http://kemp-herrera.com/,sandygarcia@gmail.com,male,1990-02-14,0.54
https://picsum.photos/400/200?lock=40,Erica Vega,94,TRUE,http://roberts.com/,nbaker@gmail.com,other,1929-06-03,0.07
https://picsum.photos/400/200?lock=41,Dawn Russell,43,TRUE,http://www.martinez.net/,jenniferbaldwin@hotmail.com,other,1980-07-11,0.35
https://picsum.photos/400/200?lock=42,Erica Le,20,TRUE,http://scott.net/,codyherring@hotmail.com,male,2003-04-29,0.5
https://picsum.photos/400/200?lock=43,Kenneth Castro,69,TRUE,https://www.smith.com/,tgilmore@yahoo.com,male,1954-11-05,0.7
https://picsum.photos/400/200?lock=44,Daniel Patterson,115,FALSE,http://www.henry.com/,justinbonilla@hotmail.com,female,1908-01-14,0.26
https://picsum.photos/400/200?lock=45,Douglas Yates,92,FALSE,http://www.hahn.com/,webereric@hotmail.com,female,1930-12-25,0.7
https://picsum.photos/400/200?lock=46,David Steele,3,TRUE,https://anderson.net/,denisetaylor@gmail.com,male,2020-09-11,0.79
https://picsum.photos/400/200?lock=47,Christopher Green,111,TRUE,https://www.johnson-todd.net/,jyoung@gmail.com,female,1912-03-30,0.34
https://picsum.photos/400/200?lock=48,Maria Valentine,51,FALSE,https://le.com/,upeters@hotmail.com,male,1972-07-31,0.6
https://picsum.photos/400/200?lock=49,Beverly Taylor,66,FALSE,https://li-santos.org/,torreskyle@hotmail.com,female,1957-08-30,0.01
https://picsum.photos/400/200?lock=50,Kristin Alvarez,14,FALSE,http://crawford.net/,christopher91@gmail.com,other,2009-09-12,0.65
https://picsum.photos/400/200?lock=51,Scott Lawrence,45,FALSE,http://www.hamilton-ward.com/,yolandabraun@gmail.com,other,1978-09-02,0.15
https://picsum.photos/400/200?lock=52,Perry Mcfarland Jr.,100,TRUE,http://www.smith.com/,olsonjohn@gmail.com,,1923-10-07,0.74
https://picsum.photos/400/200?lock=53,David Rivera,4,FALSE,http://www.larsen-davis.com/,erin71@yahoo.com,male,2019-06-08,0.54
https://picsum.photos/400/200?lock=54,Shannon Rivera,18,TRUE,https://holt.com/,kelly22@hotmail.com,female,2005-06-19,0.76
https://picsum.photos/400/200?lock=55,Katherine Smith,67,FALSE,http://www.chapman.com/,beverlysmith@yahoo.com,other,1956-02-18,0.61
https://picsum.photos/400/200?lock=56,Elaine Morris,105,FALSE,http://www.kelley.biz/,ktucker@hotmail.com,female,1918-08-06,0.72
https://picsum.photos/400/200?lock=57,Wayne Reed,37,FALSE,http://garcia.com/,gordon43@hotmail.com,,1986-12-03,0.83
https://picsum.photos/400/200?lock=58,Jennifer Marsh,57,TRUE,https://flores-lynch.info/,kennethwashington@gmail.com,male,1966-10-02,0.59
https://picsum.photos/400/200?lock=59,Richard Haynes,36,FALSE,http://www.buckley.com/,zharris@hotmail.com,female,1987-01-10,0.24
https://picsum.photos/400/200?lock=60,Sean Jackson,102,FALSE,http://chen-james.com/,davidlewis@gmail.com,,1921-04-25,0.71
https://picsum.photos/400/200?lock=61,Billy Graham,9,FALSE,https://palmer.org/,joshuakent@yahoo.com,male,2014-09-09,0.4
https://picsum.photos/400/200?lock=62,Christopher Mitchell,55,FALSE,https://alvarez-miller.com/,tammy10@yahoo.com,male,1968-07-14,0.17
https://picsum.photos/400/200?lock=63,Jeffrey Griffin,60,TRUE,https://www.olson-morgan.com/,christianhernandez@gmail.com,other,1963-05-27,0.7
https://picsum.photos/400/200?lock=64,Chase Foley,30,FALSE,http://aguilar.com/,randallwendy@yahoo.com,,1992-12-27,0.91
https://picsum.photos/400/200?lock=65,Matthew Cisneros,110,TRUE,https://romero-robinson.org/,heathercrawford@yahoo.com,male,1913-02-01,0.49
https://picsum.photos/400/200?lock=66,Tyler Pace,65,FALSE,https://gutierrez.org/,pauldiaz@gmail.com,,1958-08-27,0.05
https://picsum.photos/400/200?lock=67,Matthew Beltran,38,FALSE,http://www.walsh.biz/,victorlewis@gmail.com,female,1985-01-01,0.55
https://picsum.photos/400/200?lock=68,Sandra Powell,14,TRUE,http://www.thompson-phillips.info/,armstrongcolleen@gmail.com,female,2009-11-27,0.99
https://picsum.photos/400/200?lock=69,Matthew Jones,6,FALSE,http://www.martinez.net/,mwade@hotmail.com,,2017-03-24,0.32
https://picsum.photos/400/200?lock=70,Jacob Roy,57,TRUE,http://martin.com/,kristinperry@yahoo.com,male,1966-01-21,0.72
https://picsum.photos/400/200?lock=71,Shannon Boyd,93,TRUE,http://www.jacobson.info/,cbrown@yahoo.com,male,1930-07-02,0.19
https://picsum.photos/400/200?lock=72,Jessica Wilson,111,TRUE,http://wright-strong.com/,patricklopez@hotmail.com,other,1912-07-27,0.28
https://picsum.photos/400/200?lock=73,Keith Ramsey,96,TRUE,https://www.lee.com/,osanders@gmail.com,male,1927-10-04,0.48
https://picsum.photos/400/200?lock=74,Lori Dominguez,74,FALSE,https://www.underwood-rhodes.biz/,sharon91@hotmail.com,male,1949-11-24,0.02
https://picsum.photos/400/200?lock=75,Patricia Pearson,107,FALSE,https://kim-miles.com/,privera@gmail.com,male,1916-05-06,0.86
https://picsum.photos/400/200?lock=76,Alan Pineda,77,TRUE,http://www.perry-henderson.com/,brian64@yahoo.com,other,1946-01-11,0.12
https://picsum.photos/400/200?lock=77,Jamie Clark,59,TRUE,http://bell.com/,diazfrank@yahoo.com,other,1964-06-17,0.85
https://picsum.photos/400/200?lock=78,Tracey Bartlett,73,TRUE,http://gilbert-davis.info/,qferrell@hotmail.com,male,1950-09-15,0.21
https://picsum.photos/400/200?lock=79,John Coleman,4,FALSE,http://www.ruiz.info/,patrick19@yahoo.com,other,2019-09-06,0.95
https://picsum.photos/400/200?lock=80,Edward Ochoa,75,TRUE,http://harris-coleman.com/,derek56@hotmail.com,,1948-03-18,0.71
https://picsum.photos/400/200?lock=81,Sheri Jennings,107,FALSE,https://lucas.info/,jacob95@gmail.com,,1916-07-01,0.37
https://picsum.photos/400/200?lock=82,Deanna Holt,48,TRUE,https://www.nguyen.com/,ppatel@gmail.com,female,1975-02-02,0.38
https://picsum.photos/400/200?lock=83,Larry Palmer,42,FALSE,http://martinez.com/,nicholasmorgan@hotmail.com,male,1981-03-06,0.14
https://picsum.photos/400/200?lock=84,Kristina Higgins,91,FALSE,https://www.fisher.net/,dwells@hotmail.com,other,1932-09-24,0.34
https://picsum.photos/400/200?lock=85,Shawn Matthews,19,FALSE,http://smith.com/,amyporter@yahoo.com,male,2004-02-11,0.34
https://picsum.photos/400/200?lock=86,Leslie Pugh,73,TRUE,https://www.knapp.info/,lindseylynch@hotmail.com,male,1950-07-13,0.27
https://picsum.photos/400/200?lock=87,James Rodriguez,2,TRUE,https://www.williams.info/,lcollins@gmail.com,other,2021-03-26,0.36
https://picsum.photos/400/200?lock=88,George Butler,49,TRUE,https://collins.net/,john71@hotmail.com,other,1974-03-27,0.11
https://picsum.photos/400/200?lock=89,Shawn Gregory,57,TRUE,http://www.hess.com/,deborah72@hotmail.com,male,1966-10-23,0.31
https://picsum.photos/400/200?lock=90,David Mason DDS,41,TRUE,https://www.russell-rivera.com/,irwinwyatt@gmail.com,other,1982-01-13,0.4
https://picsum.photos/400/200?lock=91,Mark Chapman,20,FALSE,http://www.johnson.com/,pbrown@yahoo.com,other,2003-02-10,0.41
https://picsum.photos/400/200?lock=92,Savannah Miller,36,TRUE,https://www.baker.biz/,elizabethyang@gmail.com,,1987-09-13,0.47
https://picsum.photos/400/200?lock=93,Matthew Doyle,115,FALSE,http://www.benton-mitchell.info/,zwilson@hotmail.com,male,1908-07-09,0.48
https://picsum.photos/400/200?lock=94,Daniel Carter,56,FALSE,https://kline-mendoza.org/,drakefrederick@hotmail.com,,1967-07-04,0.04
https://picsum.photos/400/200?lock=95,Donald Ponce,38,FALSE,https://larson.com/,mforbes@yahoo.com,female,1985-07-23,0.92
https://picsum.photos/400/200?lock=96,Dr. Nicholas Hill IV,84,FALSE,https://cummings-acosta.biz/,hillshelley@gmail.com,male,1938-12-19,0.07
https://picsum.photos/400/200?lock=97,Adrienne Friedman,27,TRUE,http://garcia.biz/,brittanymendoza@gmail.com,female,1996-03-08,0.75
https://picsum.photos/400/200?lock=98,Justin Adams,81,TRUE,http://www.myers-davis.com/,taylor42@yahoo.com,,1942-07-27,0.01
https://picsum.photos/400/200?lock=99,Michelle Welch,72,FALSE,https://jackson.com/,jacksonlori@gmail.com,other,1950-12-21,0.45
